{
  "Layers": {
    "F.Cu": "true",
    "In1.Cu": "false",
    "In2.Cu": "false",
    "B.Cu": "true",
    "F.Paste": "true",
    "B.Paste": "true",
    "F.Silkscreen": "true",
    "B.Silkscreen": "true",
    "F.Mask": "true",
    "B.Mask": "true",
    "Edge.Cuts": "false",
    "User.Comments": "false",
    "F.Adhesive": "false",
    "B.Adhesive": "false",
    "User.Drawings": "false",
    "User.Eco1": "false",
    "User.Eco2": "false",
    "Margin": "false",
    "B.Courtyard": "false",
    "F.Courtyard": "false",
    "B.Fab": "false",
    "F.Fab": "false",
    "Rescue": "false",
    "User.1": "false",
    "User.2": "false",
    "User.3": "false",
    "User.4": "false",
    "User.5": "false",
    "User.6": "false",
    "User.7": "false",
    "User.8": "false",
    "User.9": "false",
    "User.10": "false",
    "User.11": "false",
    "User.12": "false",
    "User.13": "false",
    "User.14": "false",
    "User.15": "false",
    "User.16": "false",
    "User.17": "false",
    "User.18": "false",
    "User.19": "false",
    "User.20": "false",
    "User.21": "false",
    "User.22": "false",
    "User.23": "false",
    "User.24": "false",
    "User.25": "false",
    "User.26": "false",
    "User.27": "false",
    "User.28": "false",
    "User.29": "false",
    "User.30": "false",
    "User.31": "false",
    "User.32": "false",
    "User.33": "false",
    "User.34": "false",
    "User.35": "false",
    "User.36": "false",
    "User.37": "false",
    "User.38": "false",
    "User.39": "false",
    "User.40": "false",
    "User.41": "false",
    "User.42": "false",
    "User.43": "false",
    "User.44": "false",
    "User.45": "false"
  },
  "Edges": {
    "F.Cu": "false",
    "In1.Cu": "false",
    "In2.Cu": "false",
    "B.Cu": "false",
    "F.Paste": "false",
    "B.Paste": "false",
    "F.Silkscreen": "false",
    "B.Silkscreen": "false",
    "F.Mask": "false",
    "B.Mask": "false",
    "Edge.Cuts": "true",
    "User.Comments": "true",
    "F.Adhesive": "false",
    "B.Adhesive": "false",
    "User.Drawings": "false",
    "User.Eco1": "false",
    "User.Eco2": "false",
    "Margin": "false",
    "B.Courtyard": "false",
    "F.Courtyard": "false",
    "B.Fab": "false",
    "F.Fab": "false",
    "Rescue": "false",
    "User.1": "false",
    "User.2": "false",
    "User.3": "false",
    "User.4": "false",
    "User.5": "false",
    "User.6": "false",
    "User.7": "false",
    "User.8": "false",
    "User.9": "false",
    "User.10": "false",
    "User.11": "false",
    "User.12": "false",
    "User.13": "false",
    "User.14": "false",
    "User.15": "false",
    "User.16": "false",
    "User.17": "false",
    "User.18": "false",
    "User.19": "false",
    "User.20": "false",
    "User.21": "false",
    "User.22": "false",
    "User.23": "false",
    "User.24": "false",
    "User.25": "false",
    "User.26": "false",
    "User.27": "false",
    "User.28": "false",
    "User.29": "false",
    "User.30": "false",
    "User.31": "false",
    "User.32": "false",
    "User.33": "false",
    "User.34": "false",
    "User.35": "false",
    "User.36": "false",
    "User.37": "false",
    "User.38": "false",
    "User.39": "false",
    "User.40": "false",
    "User.41": "false",
    "User.42": "false",
    "User.43": "false",
    "User.44": "false",
    "User.45": "false"
  }
}